,lag,correlation
0,1,-0.04244207965815985
1,2,-0.014660875906218812
2,3,-0.004187584972897909
3,4,-0.001945832066491908
4,5,-0.011426616367247842
5,6,-0.012353870084935648
6,7,0.0322686830195951
