Test,Statistic,P_Value,Effect_Size
Fear_vs_Greed,2.4812900615237066,2.5753989849026544e-07,-0.004747775376902665
Extreme_vs_Moderate,2.4812900615237066,2.5753989849026544e-07,
ANOVA,9.062225672396822,2.5753989849026544e-07,
